contract_id,field,present,gold_answer,gold_spans
2themartcominc,anti_assignment,yes,,"[""All rights (under any applicable intellectual property right) granted herein are not sublicenseable,<omitted>transferable or assignable.""]"
2themartcominc,change_of_control,yes,,"[""If a majority of the equity securities of either 2TheMart or i-Escrow, Inc. (except that i-Escrow may sell all or a majority of its equity securities or voting interests to i-Escrow.com, and i-Escrow.com may sell all or a majority of its equity securities or voting interests to i-Escrow's existing shareholders, without triggering the foregoing) are acquired by another company during the term of this Agreement either company may terminate this Agreement, without liability, by giving a thirty (30) days written notice to the other party.""]"
2themartcominc,termination_for_convenience,no,,[]
2themartcominc,cap_on_liability,yes,,"[""EXCEPT IN THE EVENT OF A BREACH OF SECTION 11, NEITHER PARTY SHALL BE LIABLE FOR SPECIAL, INCIDENTAL OR CONSEQUENTIAL DAMAGES OR LOST PROFITS (HOWEVER ARISING, INCLUDING NEGLIGENCE) ARISING OUT OF OR IN CONNECTION WITH THIS AGREEMENT, EVEN IF THE PARTIES ARE AWARE OF THE POSSIBILITY OF SUCH DAMAGES.""]"
2themartcominc,uncapped_liability,yes,,"[""EXCEPT IN THE EVENT OF A BREACH OF SECTION 11, NEITHER PARTY SHALL BE LIABLE FOR SPECIAL, INCIDENTAL OR CONSEQUENTIAL DAMAGES OR LOST PROFITS (HOWEVER ARISING, INCLUDING NEGLIGENCE) ARISING OUT OF OR IN CONNECTION WITH THIS AGREEMENT, EVEN IF THE PARTIES ARE AWARE OF THE POSSIBILITY OF SUCH DAMAGES.""]"
2themartcominc,non_compete,yes,,"[""i-Escrow shall not run banner advertisements on the Co-Branded Site for any of 2TheMart's competitors.""]"
2themartcominc,exclusivity,no,,[]
2themartcominc,most_favored_nation,no,,[]
2themartcominc,governing_law,yes,California,"[""This Agreement will be governed and construed in accordance with the laws of the State of California without giving effect to conflict of laws principles.""]"
2themartcominc,renewal_term,yes,,"[""In the event that either party does not give such notice, the term of this Agreement shall be automatically renewed for another one (1) year."", ""A party wishing to renew this Agreement shall give the other party notice thereof no less than thirty (30) days before the expiration of the term then in effect.""]"
abilityinc,anti_assignment,yes,,"[""Provider may not assign, delegate or otherwise transfer either this Agreement or any of its rights, interests, or obligations hereunder without the prior written approval of Recipient.""]"
abilityinc,change_of_control,no,,[]
abilityinc,termination_for_convenience,yes,,"[""Each of the Recipient and the Provider may, in their sole discretion, terminate this Agreement in whole or in part, at any time without cause, and without liability except, in the case of the Recipient, for required payment for services rendered and reimbursement for authorized expenses incurred, by providing at least 90 (ninety) days' prior written notice to the other party (such date, the \""Services Termination Date\"").""]"
abilityinc,cap_on_liability,no,,[]
abilityinc,uncapped_liability,no,,[]
abilityinc,non_compete,no,,[]
abilityinc,exclusivity,no,,[]
abilityinc,most_favored_nation,no,,[]
abilityinc,governing_law,yes,Israel,"[""This Agreement and any claim, controversy or dispute arising out of or related to this Agreement, any of the transactions contemplated hereby and/or the interpretation and enforcement of the rights and duties of the Parties, whether arising in contract, tort, equity or otherwise, shall be governed by and construed in accordance with the domestic laws of the State of Israel (including in respect of the statute of limitations or other limitations period applicable to any such claim, controversy or dispute), without giving effect to any choice or conflict of law provision or rule (whether of the State of Israel or any other jurisdiction) that would cause the application of the laws of any jurisdiction other than the State of Israel.""]"
abilityinc,renewal_term,no,,[]
acceleratedtechnologiesholdi,anti_assignment,yes,,"[""No Joint      Venturer shall be authorized or empowered to mortgage, hypothecate, pledge,      sell, or transfer, an interest in the Joint Venture, nor confer on any      successor or assignee the right to become a Joint Venturer without the      consent of the other Joint Venturer.""]"
acceleratedtechnologiesholdi,change_of_control,no,,[]
acceleratedtechnologiesholdi,termination_for_convenience,no,,[]
acceleratedtechnologiesholdi,cap_on_liability,no,,[]
acceleratedtechnologiesholdi,uncapped_liability,no,,[]
acceleratedtechnologiesholdi,non_compete,no,,[]
acceleratedtechnologiesholdi,exclusivity,no,,[]
acceleratedtechnologiesholdi,most_favored_nation,no,,[]
acceleratedtechnologiesholdi,governing_law,yes,Pennsylvania,"[""The Joint Venturers declare that in entering into this      Agreement, they have contracted with reference to the laws of the      Commonwealth of Pennsylvania, and the construction and interpretation of      the terms and provisions of this Agreement shall be interpreted and      construed under the laws of the Commonwealth of Pennsylvania, except in      such cases and to such extent as the laws of another jurisdiction shall      necessarily control.""]"
acceleratedtechnologiesholdi,renewal_term,no,,[]
glumobileinc,anti_assignment,no,,[]
glumobileinc,change_of_control,no,,[]
glumobileinc,termination_for_convenience,no,,[]
glumobileinc,cap_on_liability,no,,[]
glumobileinc,uncapped_liability,no,,[]
glumobileinc,non_compete,no,,[]
glumobileinc,exclusivity,yes,,"[""Paragraph 1(a) of the Agreement is amended to provide that Fox grants Licensee a worldwide, exclusive (except as otherwise may be provided in the Agreement), non-transferable right and license to distribute video clips for the property \""KINGDOM OF HEAVEN\"" (\""KOH Video Clips\"")"", ""Licensee shall have the non-exclusive right and license to develop and distribute ICE AGE 2 Wireless Products during the Term of the Agreement for all Wireless Products set forth in this Paragraph 2(c) except the Game, for which Licensee shall have the exclusive right and license to develop and distribute until December 31, 2006."", ""For the avoidance of doubt, Licensee's right and license to develop and distribute the Game in connection with the Property \""ICE AGE 2\"" shall become non-exclusive after December 31, 2006.""]"
glumobileinc,most_favored_nation,no,,[]
glumobileinc,governing_law,no,,[]
glumobileinc,renewal_term,no,,[]
aurasystemsinc,anti_assignment,yes,,"[""Except as expressly provided for herein, neither party may assign or otherwise transfer any of its rights or obligations under this  Agreement without the other party's prior written approval and any such assignment or transfer shall be void.""]"
aurasystemsinc,change_of_control,yes,,"[""Notwithstanding Section 7.1 above, this Agreement may be terminated upon the occurrence of any of the following events:\n\n\n  (a) At the election of either party, in writing, if: (i) all or substantially all of the assets of the non-terminating party are transferred, sold or  liquidated;<omitted>or (v) the ownership or  operations of the non-terminating party have materially changed;""]"
aurasystemsinc,termination_for_convenience,yes,,"[""Notwithstanding Section 7.1 above, this Agreement may be terminated upon the occurrence of any of the following events:<omitted>(d) By either party hereto upon sixty (60) days prior written notice to the other party hereto;""]"
aurasystemsinc,cap_on_liability,yes,,"[""NEITHER PARTY SHALL NOT BE LIABLE TO THE OTHER FOR ANY DAMAGES, LOSSES OR EXPENSES RESULTING FROM ANY  TERMINATION OR EXPIRATION OF THIS AGREEMENT ARISING FROM ANY CLAIMS ASSERTED WHICH ARE BASED UPON  LOSS OF GOODWILL, PROSPECTIVE PROFITS OR ANTICIPATED ORDERS, OR ON ACCOUNT OF ANY EXPENDITURES,  INVESTMENTS, LEASES OR COMMITMENTS MADE BY SUCH PARTY;"", ""IN NO EVENT SHALL EITHER PARTY BE LIABLE TO THE OTHER PARTY FOR ANY SPECIAL,  CONSEQUENTIAL OR INDIRECT DAMAGES, HOWEVER CAUSED.""]"
aurasystemsinc,uncapped_liability,no,,[]
aurasystemsinc,non_compete,yes,,"[""Any such agreement\n\n\n\n\n\n\n\n\n\n  reached between Zanotti and Aura regarding such worldwide sales and marketing shall prohibit competition among Zanotti and Aura with regard  to AETRU Systems and shall be memorized in a separate agreement between the Parties.""]"
aurasystemsinc,exclusivity,yes,,"[""Pursuant to the terms and conditions set forth in this Agreement, Aura appoints Zanotti as its exclusive supplier of the Products  within the Territory and Field of Use and Zanotti hereby accepts such appointment."", ""In order to maintain the exclusivity granted hereunder, Zanotti  shall provide Aura with orders for a minimum of (i) one thousand (1,000) AETRU Systems during the first twenty-four (24) months of this  Agreement and (ii) seven hundred and fifty (750) AETRU Systems per year thereafter for so long as this Agreement remains in effect (the  \""Minimum Order\"")."", ""In the event that Zanotti fails to secure purchases\n\n\n\n\n\n\n\n\n\n  amounting to the Minimum Order for any particular period, the exclusive supplier rights granted pursuant to this Article 2 shall become non- exclusive commencing immediately following such period in which the Minimum Order was not achieved and Aura shall have full discretion to  purchase or otherwise obtain Product from sources other than Zanotti."", ""If, within five (5) business days of receipt of such  notice from Aura, Zanotti does not agree to match such price, the exclusive supplier rights granted pursuant to\n\n\n\n\n\n\n\n\n\n  Article 2 above shall, upon Aura's sole election, immediately become non-exclusive with respect to such specific Product to which the lower price  applies and Aura shall have full discretion to purchase or otherwise obtain such Product from sources other than Zanotti.""]"
aurasystemsinc,most_favored_nation,yes,,"[""In accordance with Section 3.6 below,  at no time shall any Product price exceed the lowest price for which Zanotti sells such Product (or substantial equivalent thereof) in similar  quantities to any third party."", ""During the term of this Agreement, Zanotti agrees that Aura shall be allowed the full benefit of any and all lower prices  and/or any more favorable terms and/or conditions (\""MFN\"" Terms) contained in any other agreement entered into by Zanotti for the sale of any  product substantially similar to the Product in the same or lesser quantities described in this Agreement to third parties"", ""Zanotti shall notify Aura  in writing of any such MFN Terms within fifteen (15) calendar days after agreeing thereto, and shall make the MFN Terms available to Aura as of  the effective date of such agreement and thereafter for the greater of (i) three (3) months or (ii) such time that the MFN Terms remain in effect.""]"
aurasystemsinc,governing_law,yes,California,"[""This Agreement is deemed made and entered into in the State of California and shall be construed, enforced and performed in  accordance with the laws of the State of California, without reference, to choice of law.""]"
aurasystemsinc,renewal_term,yes,,"[""Unless terminated prior to the natural expiration of the Initial Term, upon the expiry of the  Initial Term this Agreement shall automatically renew for successive terms of the same duration, unless either party gives written notice to the  other of such party's desire not to renew not less than ninety (90) days prior to the date of the expiration of the Initial Term or any\n\n\n\n\n\n\n\n\n\n  successive term thereafter.""]"
energouscorp,anti_assignment,yes,,"[""This Agreement may not be assigned by either party without the express written consent of the other party, which approval will not be unreasonably withheld or delayed, except that either party may (without consent but with notice to the other party) assign this Agreement in its entirety to any successor in the event of a Change of Control of such party.""]"
energouscorp,change_of_control,yes,,"[""If DIALOG is acquired by a third party, DIALOG's acquirer will have the right, for a period of [***] following closing of such acquisition, to terminate this Agreement upon written notice to ENERGOUS."", ""ENERGOUS will have the right to terminate this Agreement immediately upon the issuance of written notice to DIALOG (A) if DIALOG undergoes a Change of Control involving a competitor of ENERGOUS (as reasonably determined by ENERGOUS), or (B) if DIALOG or any of its Affiliates acquires, whether directly or indirectly through a sale of assets or a Change of Control transaction or otherwise, any competitor of ENERGOUS. DIALOG will provide ENERGOUS with notice of any such Change of Control or acquisition within [***] after the closing thereof and ENERGOUS' right to terminate the Agreement will expire [***] after receipt of such notice."", ""If ENERGOUS is acquired by a third party, ENERGOUS' acquirer will have the right, for a period of [***] following closing of such acquisition, to terminate this Agreement upon written notice to DIALOG."", ""DIALOG will have the right to terminate this Agreement immediately upon the issuance of written notice to ENERGOUS (A) if ENERGOUS undergoes a Change of Control involving a competitor of DIALOG, or (B) if ENERGOUS acquires, whether directly through a sale of assets or through a Change of Control transaction, any competitor of DIALOG (as reasonably determined by DIALOG). ENERGOUS will provide DIALOG with notice of any such Change of Control or acquisition within [***] after the closing thereof and DIALOG's right to terminate the Agreement will expire [***] after receipt of such notice."", ""Notice of Merger or Acquisition. Until the date that this Agreement terminates or is terminated in accordance with Section 15 hereof, ENERGOUS agrees that, [***].""]"
energouscorp,termination_for_convenience,yes,,"[""ENERGOUS may, at any time after the third anniversary of the Effective Date, terminate this Agreement with or without cause upon not less than one hundred and eighty (180) days prior written notice to DIALOG.""]"
energouscorp,cap_on_liability,yes,,"[""IN ADDITION, ENERGOUS' LIABILITY WITH RESPECT TO ITS OBLIGATIONS UNDER SECTION 12.1(b) SHALL IN NO EVENT EXCEED [***]."", ""In the event any warranty claim is due to or arises from an Epidemic Defect, ENERGOUS will be responsible for all costs and expenses directly incurred by DIALOG or its Affiliates or their respective customers as a result of reasonable inspection, servicing, repairs, replacements, recall notices, recalls and responses with respect thereto, provided that ENERGOUS' aggregate liability to DIALOG and its Affiliates and their respective customers under this paragraph (d) will not exceed [***] per occurrence of an Epidemic Defect."", ""EXCEPT IN THE CASE OF (a) ANY BREACH OF SECTION 10 (CONFIDENTIALITY), (b) THE PARTIES' OBLIGATIONS UNDER SECTION 12 (INDEMNIFICATION), (c) A PARTY'S GROSS NEGLIGENCE OR WILLFUL MISCONDUCT, OR (d) LIABILITY ARISING FROM EPIDEMIC DEFECTS (WHICH WILL BE SUBJECT TO THE LIMITATION SET FORTH IN SECTION 11.2(d)), IN NO EVENT WILL EITHER PARTY BE LIABLE UNDER THIS AGREEMENT, REGARDLESS OF THE FORM OF ANY CLAIM OR ACTION (WHETHER IN CONTRACT, NEGLIGENCE, STRICT LIABILITY OR OTHERWISE), FOR ANY (i) INDIRECT, PUNITIVE, INCIDENTAL, RELIANCE, SPECIAL, EXEMPLARY OR CONSEQUENTIAL DAMAGES, INCLUDING, BUT NOT LIMITED TO, LOSS OF BUSINESS, REVENUES, PROFITS OR GOODWILL, OR (ii) AGGREGATE DAMAGES IN EXCESS OF [***].""]"
energouscorp,uncapped_liability,yes,,"[""EXCEPT IN THE CASE OF (a) ANY BREACH OF SECTION 10 (CONFIDENTIALITY), (b) THE PARTIES' OBLIGATIONS UNDER SECTION 12 (INDEMNIFICATION), (c) A PARTY'S GROSS NEGLIGENCE OR WILLFUL MISCONDUCT, OR (d) LIABILITY ARISING FROM EPIDEMIC DEFECTS (WHICH WILL BE SUBJECT TO THE LIMITATION SET FORTH IN SECTION 11.2(d)), IN NO EVENT WILL EITHER PARTY BE LIABLE UNDER THIS AGREEMENT, REGARDLESS OF THE FORM OF ANY CLAIM OR ACTION (WHETHER IN CONTRACT, NEGLIGENCE, STRICT LIABILITY OR OTHERWISE), FOR ANY (i) INDIRECT, PUNITIVE, INCIDENTAL, RELIANCE, SPECIAL, EXEMPLARY OR CONSEQUENTIAL DAMAGES, INCLUDING, BUT NOT LIMITED TO, LOSS OF BUSINESS, REVENUES, PROFITS OR GOODWILL, OR (ii) AGGREGATE DAMAGES IN EXCESS OF [***].""]"
energouscorp,non_compete,yes,,"[""DIALOG will have the right to terminate this Agreement immediately upon the issuance of written notice to ENERGOUS (A) if ENERGOUS undergoes a Change of Control involving a competitor of DIALOG, or (B) if ENERGOUS acquires, whether directly through a sale of assets or through a Change of Control transaction, any competitor of DIALOG (as reasonably determined by DIALOG). ENERGOUS will provide DIALOG with notice of any such Change of Control or acquisition within [***] after the closing thereof and DIALOG's right to terminate the Agreement will expire [***] after receipt of such notice."", ""ENERGOUS will have the right to terminate this Agreement, upon not less than [***] prior written notice to DIALOG, in the event that, following termination by the [***] of its agreement with ENERGOUS, DIALOG participates in or indicates its intention to participate in the development, design or manufacture of products incorporating Uncoupled Power Transfer Technology not provided by ENERGOUS to [***]."", ""Until expiration or earlier termination of the Agreement, DIALOG agrees that it and its Affiliates will not, without ENERGOUS' written approval, intentionally sell, distribute or work with any third party to develop products incorporating any Uncoupled Power Transfer Technology other than Licensed Products; provided, however, that DIALOG shall not be under any such restrictions in relation to services or products it provides to the Key Customer in the event the Key Customer terminates its agreement with ENERGOUS.""]"
energouscorp,exclusivity,yes,,"[""Subject to paragraph (b) of this Section 2.5, ENERGOUS will not, and will not enable any Semiconductor Supplier, to manufacture, have manufactured, offer for sale, sell, import or export the Products or Product Die in commercial volumes, except a Semiconductor Supplier to the Key Customer for use in the Excluded Applications."", ""If DIALOG decides to discontinue Sales of any Product, it will notify ENERGOUS at least [***] prior to such discontinuance, and following such notification, the exclusivity rights, if any, associated with that Product will cease; provided, however, this provision will not apply in the event that DIALOG continues Sales of Product Updates, repackaged Product Dies or MCMs.""]"
energouscorp,most_favored_nation,no,,[]
energouscorp,governing_law,yes,California,"[""This Agreement will be governed by and construed in accordance with the laws of the State of California, exclusive of conflict of laws principles."", ""This Letter of Authorization will be governed by and construed in accordance with the laws of California, excluding its conflict of laws provisions, and be subject to the non-exclusive jurisdiction of the California courts.""]"
energouscorp,renewal_term,yes,,"[""Unless earlier terminated as provided herein, this Agreement continues in effect for an initial term of seven (7) years (\""Initial Term\"") and will automatically renew for one or more annual periods after the Initial Term (each a \""Renewal Term\"") unless either party gives notice of non-renewal at least one hundred eighty (180) days prior to the beginning of any Renewal Term.""]"
adma-biomanufacturing-llc-am,anti_assignment,no,,[]
adma-biomanufacturing-llc-am,change_of_control,no,,[]
adma-biomanufacturing-llc-am,termination_for_convenience,no,,[]
adma-biomanufacturing-llc-am,cap_on_liability,yes,,"[""The liability cap set forth under section 6.5 is hereby amended to adapt to the provisions of this Amendment #3 and is therefore set at \""[***]\"" instead of \""[***]\""."", ""All claims by Sanofi Pasteur for breach or default under this Agreement shall be brought within [***] year after the cause of action comes into existence or otherwise shall be waived."", ""Limitation of Liability: In no event shall either party be liable to the other party for incidental, indirect, special and consequential or punitive damages, including without limitation any claims for damages based upon lost profits or lost business opportunity.""]"
adma-biomanufacturing-llc-am,uncapped_liability,yes,,"[""Except for the obligation of indemnity as set forth in Section 6.1 (c) with respect to claims by third parties for personal injury, illness or death (but not including property damage) resulting from the manufacture of the Product by BPC, aggregate damages for which ADMA shall be liable to Sanofi Pasteur hereunder, including without limitation costs of Source Plasma yield loss and/or rejected Batches, shall not exceed [***].""]"
adma-biomanufacturing-llc-am,non_compete,no,,[]
adma-biomanufacturing-llc-am,exclusivity,no,,[]
adma-biomanufacturing-llc-am,most_favored_nation,no,,[]
adma-biomanufacturing-llc-am,governing_law,no,,[]
adma-biomanufacturing-llc-am,renewal_term,no,,[]
alcostoresinc,anti_assignment,no,,[]
alcostoresinc,change_of_control,no,,[]
alcostoresinc,termination_for_convenience,yes,,"[""So long as no default exists and is continuing hereunder or under the Lease, either party may terminate this Agreement at any time upon ____________ (______30________) days written notice to the other party; provided however that such termination shall not act as a termination of any Equipment leased hereunder.""]"
alcostoresinc,cap_on_liability,no,,[]
alcostoresinc,uncapped_liability,no,,[]
alcostoresinc,non_compete,no,,[]
alcostoresinc,exclusivity,no,,[]
alcostoresinc,most_favored_nation,no,,[]
alcostoresinc,governing_law,no,,[]
alcostoresinc,renewal_term,no,,[]
airspannetworksinc,anti_assignment,yes,,"[""Neither party may assign this Agreement or subcontract its obligations under this Agreement to another party without the other party's prior, written consent executed by a duly authorized officer.""]"
airspannetworksinc,change_of_control,no,,[]
airspannetworksinc,termination_for_convenience,no,,[]
airspannetworksinc,cap_on_liability,yes,,"[""WITHOUT PREJUDICE TO SECTION 16.4, NEITHER Airspan, NOR ANY OF ITS OFFICERS, DIRECTORS, EMPLOYEES, AGENTS, REPRESENTATIVES, SHAREHOLDERS, OR AFFILIATES (Airspan AND SUCH OTHER PERSONS, THE \""Airspan PARTIES\""), SHALL HAVE ANY LIABILITY TO DISTRIBUTOR FOR LOSS OF PROFITS, INCOME, REVENUE OR DATA, OR INCIDENTAL, CONSEQUENTIAL, INDIRECT OR PUNITIVE DAMAGES OR LOSSES, ARISING FROM OR IN CONNECTION WITH THIS AGREEMENT, ANY PURCHASE ORDER PLACED PURSUANT TO THIS AGREEMENT OR ANY OTHER COLLATERAL CONTRACT, OR FROM OR IN CONNECTION WITH THE EQUIPMENT OR THE SOFTWARE OR THE USE THEREOF OR THE INABILITY TO USE THEM EITHER SEPARATELY OR IN COMBINATION WITH OTHER EQUIPMENT OR SOFTWARE, OR FROM ANY OTHER CAUSE, WHETHER CAUSED BY NEGLIGENCE, BREACH OF CONTRACT, STRICT LIABILITY, BREACH OF WARRANTY, ON GROUNDS OF FAILURE OF ESSENTIAL PURPOSE OR OTHERWISE."", ""Airspan's obligation and Distributor's sole remedy under this warranty are limited to the replacement or repair, at Airspan's option, of the defective Equipment or Software within the Initial Warranty Period."", ""Airspan shall not be liable to Distributor for damages of any kind, including incidental or consequential damages, on account of the termination of this agreement in accordance with this section 13."", ""And Distributor, taken as a whole, shall be liable for physical damage to Airspan's property resulting from Distributor's negligence under or in connection with this Agreement up to a maximum aggregate amount of one million US Dollars (US$1,000,000)."", ""Airspan Parties, taken as a whole, shall be liable for physical damage to Distributor's property resulting from Airspan's negligence under or in connection with this Agreement up to a maximum aggregate amount of one million US Dollars (US$1,000,000)."", ""In any event, Airspan shall not be liable      for any direct, indirect, consequential, or special losses or damages      (including, but not limited to, loss of income or profit and loss of data)      that may be suffered by the Distributor or by any other person for failure      to deliver or for any delay or error in delivery of Equipment or Software      for any reason whatsoever."", ""Airspan shall not be liable to Distributor on account of termination or expiration of this Agreement for reimbursement or damages for loss of goodwill, prospective profits, or anticipated orders, or on account of any expenditures, investments, leases, or commitments made by either party, or for any other reason whatsoever based upon or growing out of such termination or expiration."", ""Without prejudice to Sections 16.3 and 16.4, the liability of the Airspan Parties, taken as a whole, for each event or series of connected events\n\n\n\n\n\narising out of or in connection with this Agreement, any purchase order placed pursuant to this Agreement, or any other collateral contract, or from or in connection with the Equipment or Software or the use thereof, or the inability to use them either separately or in combination with other equipment or software, or from any other cause, whether caused by negligence, breach of contract, strict liability, breach of warranty, on grounds of failure of essential purpose, or otherwise, shall in no circumstance exceed the total amount payable by Distributor to Airspan under this Agreement for the provision of<omitted>the Equipment or Software which gave rise to the loss or damage or in connection with which the loss or damage was incurred.""]"
airspannetworksinc,uncapped_liability,no,,[]
airspannetworksinc,non_compete,yes,,"[""Distributor will give Airspan thirty (30) days' prior, written notice of each new potential representation role being considered by Distributor, and Distributor will not undertake such representation without Airspan's prior, written consent, such consent not to be unreasonably withheld."", ""Except as\n\n\n\n\n\nprovided above, in no event will Airspan consent to Distributor's consultation for or representation of a manufacturer or supplier, which is directly or indirectly, a competitor of Airspan."", ""During the performance of this Agreement and for three (3) months after termination of services under this Agreement, Airspan will not offer products or services to third parties which compete with the products or services provided by Distributor under this Agreement, or otherwise use the knowledge acquired from Distributor in order to compete with Distributor its customers"", ""During the term of this Agreement Distributor agrees that neither it      nor any organization or entity controlled or directed by it will, without      Airspan's prior, written consent, represent a manufacturer or supplier of      products similar in design or performance to or which are of such a nature      as to be competitive with any products contained in the Airspan Products."", ""During the term of this Agreement, and for a period of three (3) months following the expiration or termination of this Agreement, Distributor agrees that neither it nor any organization or entity controlled or directed by it will, without Airspan's prior, written consent, represent a manufacturer or supplier of products similar in design or performance to or which are of such a nature as to be competitive with any products contained in the Airspan Products, nor will Distributor market or otherwise promote the sale of such products.""]"
airspannetworksinc,exclusivity,yes,,"[""Subject to the provisions of this Agreement, Airspan hereby appoints Distributor as an independent, exclusive distributor to assist Airspan in marketing the Airspan Products to customers in the Territory, and Distributor hereby accepts such appointment as of the Effective Date of this Agreement.""]"
airspannetworksinc,most_favored_nation,yes,,"[""Airspan warrants that during the term of this Agreement, the prices at      which Airspan sells to Distributor products supplied under this Agreement      shall be no less favorable to the Distributor than those prices at which      Airspan sells, at substantially the same time in the United States, similar      products and pursuant to similar terms and conditions as those by which      Airspan sells Products to the Distributor under this Agreement.""]"
airspannetworksinc,governing_law,yes,South Dakota,"[""South Dakota"", ""This Agreement shall be construed in accordance with and governed by the laws of the State of South Dakota.""]"
airspannetworksinc,renewal_term,no,,[]
ashworthinc,anti_assignment,yes,,"[""The rights granted the Company hereunder shall be used only by it and shall not, without the prior written consent of Nantz Communications or Nantz, be transferred or assigned to\n\n\n\n\n\nany other."", ""Accordingly, except as otherwise expressly provided below, neither Nantz Communications nor Nantz shall assign any of their respective rights or delegate any of their respective duties or obligations under this Agreement without the written consent of the Company.""]"
ashworthinc,change_of_control,yes,,"[""In the event of the merger or consolidation of the Company with any other entity, Nantz Communications shall have the right to terminate the Agreement by so notifying the Company in writing on or before sixty (60) days<omitted>after Nantz Communications has received notice of such merger or consolidation if and only if, by virtue of such merger or consolidation Nantz Communications or Nantz would be in default under or violating any provisions of any agreement to which he or it is subject entered into prior to June 1, 1994.""]"
ashworthinc,termination_for_convenience,no,,[]
ashworthinc,cap_on_liability,no,,[]
ashworthinc,uncapped_liability,no,,[]
ashworthinc,non_compete,no,,[]
ashworthinc,exclusivity,yes,,"[""Except as otherwise provided herein, and subject to the      Restrictions, Nantz Communications agrees that such Products may      prominently bear the Company's logo and shall not bear any other logos."", ""During the Term, neither Nantz Communications nor Nantz shall enter into\n\n\n\n\n\nany activity, employment, independent contract, or other business arrangement which conflicts with Nantz Communications' or Nantz's obligations under this Agreement or perform any service which reasonably appears to be an endorsement of the sportswear apparel, hats and shoes of a third party without the Company's prior written approval."", ""Nantz Communications and Nantz expressly agree that the Endorsement will not be granted to anyone other than the Company for use during the Term in connection with the advertisement and promotion of sportswear apparel, hats and shoes.""]"
ashworthinc,most_favored_nation,yes,,"[""The Company acknowledges that Nantz Communications' and      Nantz's obligations to CBS or any other television station or network with      which Nantz Communications or Nantz has a contract or arrangement shall      take precedence over any other commitments of Nantz Communications or Nantz      under this Agreement.""]"
ashworthinc,governing_law,yes,California,"[""This Agreement and its formation, operation and performance      shall be governed, construed, performed, and enforced in accordance with      the laws of the State of California.""]"
ashworthinc,renewal_term,no,,[]
accurayinc,anti_assignment,yes,,"[""Neither this Agreement, nor any of the rights, interests, or obligations under this Agreement may be assigned or  delegated, in whole or in part, by operation of law or otherwise, by any party without the prior written consent of the other party,  and any such assignment without such prior written consent shall be null and void; provided, however, that this Agreement may be  assigned by a Party in connection with a Change in Control of such party, subject to the specific termination and other rights set  forth in the Strategic<omitted>Alliance Agreement upon such Change in Control; provided, further, that Siemens may assign its rights and obligations under this  Agreement to any Distributor that agrees, in writing, to be bound by and comply with the terms and conditions of this Agreement  and the provisions of the Strategic Alliance Agreement, provided, that no such assignment shall relieve Siemens of its obligations  hereunder or thereunder if such Distributor does not perform such obligations.""]"
accurayinc,change_of_control,no,,[]
accurayinc,termination_for_convenience,no,,[]
accurayinc,cap_on_liability,yes,,"[""This will be Accuray's sole and exclusive obligation  and such Customer's sole and exclusive remedy in relation to defective Products and parts."", ""WITHOUT AFFECTING STRICT PRODUCT LIABILITY UNDER MANDATORY APPLICABLE LAW,  SECTION 10, OR THE RESPECTIVE OBLIGATIONS OF THE PARTIES UNDER THE CONFIDENTIAILITY AGREEMENT AND  EXCEPT FOR BREACHES ASSOCIATED WITH THE UNAUTHORIZED USE OF INTELLECTUAL PROPERTY, IN NO EVENT  SHALL EITHER PARTY BE LIABLE TO THE OTHER PARTY FOR SPECIAL, INCIDENTAL, CONSEQUENTIAL, PUNITIVE OR  TORT DAMAGES, INCLUDING WITHOUT LIMITATION, ANY DAMAGES RESULTING FROM LOSS OF USE, LOSS OF DATA,  LOSS OF PROFITS OR LOSS OF BUSINESS ARISING OUT OF OR IN CONNECTION WITH THE MATTERS CONTEMPLATED  BY THIS AGREEMENT, WHETHER OR NOT A PARTY HAS BEEN ADVISED OF THE POSSIBILITY OF SUCH DAMAGES."", ""This is Accuray's  sole and exclusive obligation and Customer's and Distributor's sole and exclusive remedy in relation to defective software."", ""This is Accuray's sole and exclusive obligation and Customer's and Distributor's sole  and exclusive remedy in relation to any Safety Update required to be provided by applicable law in the Customer's  jurisdiction."", ""Without affecting Section 10 or the respective obligations of the parties under the Confidentiality Agreement and except  for any liability (i) relating to any breach associated with the unauthorized use of Intellectual Property, (ii) arising from the  intentional breach or willful misconduct of a party, or (iii) arising from the non-compliance with any mandatory applicable law or  regulation, the total aggregate liability of one party to another party for any claim relating to any breach of this Agreement (or any  Purchase Order or other agreement entered into in connection with this Agreement) (a \""Claim\"") shall be limited to the aggregate  amount of the purchase prices paid by Distributor to Accuray for Products pursuant to this Agreement (or any Purchase Order or  other Agreement entered into in connection with this Agreement) during the twelve calendar months preceding the date of the  notification to the other party of such Claim less any amounts paid or payable in respect of any other Claim of which the other party  was notified during such twelve month period."", ""WITHOUT AFFECTING STRICT PRODUCT LIABILITY UNDER MANDATORY APPLICABLE LAW, THE FOREGOING  PROVISIONS OF THIS SECTION SET FORTH ACCURAY'S SOLE AND EXCLUSIVE LIABILITY AND DISTRIBUTOR'S SOLE  AND EXCLUSIVE REMEDY FOR ANY CLAIMS OF INFRINGEMENT OR MISAPPROPRIATION OF INTELLECTUAL PROPERTY  RIGHTS OR PROPRIETARY RIGHTS OF ANY KIND."", ""If a Customer notifies Accuray in writing during the Warranty Period of a defect in a Product that  causes the Product to fail to conform to the foregoing warranty, Accuray shall at its option either repair or replace the non- conforming Product or, if in Accuray's opinion such repair or replacement is not commercially reasonable, Accuray shall  refund a pro-rated portion of the price paid by the Customer for such Product calculated based on a straight-line  depreciation over a 5-year period beginning on the date of delivery.""]"
accurayinc,uncapped_liability,yes,,"[""WITHOUT AFFECTING STRICT PRODUCT LIABILITY UNDER MANDATORY APPLICABLE LAW,  SECTION 10, OR THE RESPECTIVE OBLIGATIONS OF THE PARTIES UNDER THE CONFIDENTIAILITY AGREEMENT AND  EXCEPT FOR BREACHES ASSOCIATED WITH THE UNAUTHORIZED USE OF INTELLECTUAL PROPERTY, IN NO EVENT  SHALL EITHER PARTY BE LIABLE TO THE OTHER PARTY FOR SPECIAL, INCIDENTAL, CONSEQUENTIAL, PUNITIVE OR  TORT DAMAGES, INCLUDING WITHOUT LIMITATION, ANY DAMAGES RESULTING FROM LOSS OF USE, LOSS OF DATA,  LOSS OF PROFITS OR LOSS OF BUSINESS ARISING OUT OF OR IN CONNECTION WITH THE MATTERS CONTEMPLATED  BY THIS AGREEMENT, WHETHER OR NOT A PARTY HAS BEEN ADVISED OF THE POSSIBILITY OF SUCH DAMAGES."", ""Without affecting Section 10 or the respective obligations of the parties under the Confidentiality Agreement and except  for any liability (i) relating to any breach associated with the unauthorized use of Intellectual Property, (ii) arising from the  intentional breach or willful misconduct of a party, or (iii) arising from the non-compliance with any mandatory applicable law or  regulation, the total aggregate liability of one party to another party for any claim relating to any breach of this Agreement (or any  Purchase Order or other agreement entered into in connection with this Agreement) (a \""Claim\"") shall be limited to the aggregate  amount of the purchase prices paid by Distributor to Accuray for Products pursuant to this Agreement (or any Purchase Order or  other Agreement entered into in connection with this Agreement) during the twelve calendar months preceding the date of the  notification to the other party of such Claim less any amounts paid or payable in respect of any other Claim of which the other party  was notified during such twelve month period.""]"
accurayinc,non_compete,no,,[]
accurayinc,exclusivity,no,,[]
accurayinc,most_favored_nation,no,,[]
accurayinc,governing_law,yes,Germany,"[""This Agreement shall be governed by, and construed in accordance with, the laws of the Federal Republic of Germany excluding the United Nations Convention on Contracts of International Sale of Goods (CISG) and the provisions of German private  international law.""]"
accurayinc,renewal_term,no,,[]
adamsgolfinc,anti_assignment,yes,,"[""Neither ADAMS GOLF nor CONSULTANT shall have the right to grant sublicenses hereunder or to assign, alienate or otherwise transfer any of its rights or obligations hereunder.""]"
adamsgolfinc,change_of_control,no,,[]
adamsgolfinc,termination_for_convenience,no,,[]
adamsgolfinc,cap_on_liability,no,,[]
adamsgolfinc,uncapped_liability,no,,[]
adamsgolfinc,non_compete,yes,,"[""When endorsing a non-competitive product, under no circumstances shall CONSULTANT wear, play, use, hold or in any way be associated with an ADAMS GOLF competitor's Product.""]"
adamsgolfinc,exclusivity,yes,,"[""CONSULTANT hereby gives and grants to ADAMS GOLF the exclusive right and license to use CONSULTANT'S ENDORSEMENT in connection with the manufacture, sale, distribution, advertising and promotion of PRODUCT in the CONTRACT TERRITORY."", ""During the term of this Agreement, unless otherwise authorized at the sole discretion of ADAMS GOLF in writing, CONSULTANT shall not:   A.give the right to use or permit the use of CONSULTANT'S name, facsimile signature, nickname, voice or likeness to any other manufacturer or seller of PRODUCT;\n\nB.sponsor or endorse PRODUCT made or sold by any other manufacturer or seller; or\n\nC.serve as a CONSULTANT or advisor of any other manufacturer or seller of PRODUCT."", ""During the term of this Agreement, CONSULTANT shall exclusively play/use the MANDATORY PRODUCT.""]"
adamsgolfinc,most_favored_nation,no,,[]
adamsgolfinc,governing_law,yes,Kansas,"[""This Agreement shall be governed and construed according to the laws of the State of Kansas.""]"
adamsgolfinc,renewal_term,no,,[]
